Structure,Monoisotopicmass
gm|0,498.206090
gm-gm|0,976.385965
gm-gm-gm|0,1454.565840
gm-A|1,569.243204
gm-AE|1,698.285797
gm-AEJ|1,870.370589
gm-AEJA|1,941.407703
gm-AEJC|1,973.379774
gm-AEJD|1,985.397532
gm-AEJE|1,999.413182
gm-AEJF|1,1017.439003
gm-AEJG|1,927.392053
gm-AEJH|1,1007.429501
gm-AEJI|1,983.454653
gm-AEJK|1,998.465552
gm-AEJM|1,1001.411074
gm-AEJN|1,984.413516
gm-AEJP|1,967.423353
gm-AEJQ|1,998.429167
gm-AEJR|1,1026.471700
gm-AEJS|1,957.402617
gm-AEJT|1,971.418267
gm-AEJV|1,969.439003
gm-AEJW|1,1056.449902
gm-AEJY|1,1033.433918
gm-AEJAA|1,1012.444817
gm-AEJAC|1,1044.416888
gm-AEJAD|1,1056.434646
gm-AEJAE|1,1070.450296
gm-AEJAF|1,1088.476117
gm-AEJAG|1,998.429167
gm-AEJAH|1,1078.466615
gm-AEJAI|1,1054.491767
gm-AEJAK|1,1069.502666
gm-AEJAM|1,1072.448188
gm-AEJAN|1,1055.450630
gm-AEJAP|1,1038.460467
gm-AEJAQ|1,1069.466281
gm-AEJAR|1,1097.508814
gm-AEJAS|1,1028.439731
gm-AEJAT|1,1042.455381
gm-AEJAV|1,1040.476117
gm-AEJAW|1,1127.487016
gm-AEJAY|1,1104.471032
